,Artist,Artist ID,Followers,Genre
0,Måneskin,0lAWpj5szCSwM4rUMHYmrr,5795268,"['indie rock italiano', 'italian pop']"
1,The Kid LAROI,2tIP7SsRs7vjIcLrU85W8J,3566183,['australian hip hop']
2,Olivia Rodrigo,1McMsnEElThX1knmY4oliG,15763201,['pop']
3,Ed Sheeran,6eUKZXaKkcviH0Ku9w2n3V,95545600,"['pop', 'uk pop']"
4,Lil Nas X,7jVv8c5Fj3E9VhNjxT4snq,10406534,"['lgbtq+ hip hop', 'pop']"
6,Doja Cat,5cj0lLjcoR7YOSnhnX0Po5,17698668,"['dance pop', 'pop']"
7,Rauw Alejandro,1mcTU81TzQhprhouKaTkpq,10769911,"['puerto rican pop', 'trap latino']"
8,Bad Bunny,4q3ewBCX7sLwd24euuV69X,46666323,"['latin', 'reggaeton', 'trap latino']"
10,Dua Lipa,6M2wZ9GZgrQXHCFfjv46we,33306547,"['dance pop', 'pop', 'uk pop']"
11,J Balvin,1vyhD5VmyZ7KMfW5gqLgo5,33441005,"['latin', 'reggaeton', 'reggaeton colombiano', 'trap latino']"
12,BTS,3Nrfpe0tUJi4K4DXYWgMUX,48171250,"['k-pop', 'k-pop boy group']"
13,Justin Bieber,1uNFoZAHBGtllmzznpCI3s,59248968,"['canadian pop', 'pop']"
17,The Weeknd,1Xyo4u8uXC1ZmMpatF05PJ,43744539,"['canadian contemporary r&b', 'canadian pop', 'pop']"
18,Nio Garcia,5hdhHgpxyniooUiQVaPxQ0,3022118,"['latin', 'latin hip hop', 'reggaeton', 'trap latino']"
20,Mora,0Q8NcsJwoCbZOHHW63su5S,372310,"['latin', 'reggaeton', 'trap latino']"
23,Glass Animals,4yvcSjfu4PC0CYQyLy4wSq,2704287,"['gauze pop', 'indietronica', 'shiver pop']"
26,Farruko,329e4yvIujISKGKz1BZZbO,12716857,"['latin', 'latin hip hop', 'reggaeton', 'trap latino']"
27,Post Malone,246dkjvS1zLTtiykXe5h60,36550092,"['dfw rap', 'melodic rap', 'rap']"
28,Riton,7i9j813KFoSBMldGqlh2Z1,97002,"['dance pop', 'edm', 'house', 'pop dance', 'tropical house', 'uk dance']"
29,Masked Wolf,1uU7g3DNSbsu0QjSEqZtEd,567835,['australian hip hop']
30,Bruno Mars,0du5cEVh5yTK9QJze8zA0C,39649941,"['dance pop', 'pop']"
31,Camila Cabello,4nDoRrQiYLoBzwC5BhVJzF,26227578,"['dance pop', 'pop', 'post-teen pop']"
33,Sebastian Yatra,07YUOmWljBTXwIseAUd9TW,18751273,"['colombian pop', 'latin', 'reggaeton colombiano']"
34,Harry Styles,6KImCVD70vtIoJWnq6nGn3,19916220,['pop']
35,Polo G,6AgTAQt8XS6jRWi4sX7w49,7238694,['chicago rap']
37,Sech,77ziqFxp5gaInVrF2lj4ht,10486908,"['latin', 'panamanian pop', 'reggaeton', 'trap latino']"
39,TINI,7vXDAI8JwjW531ouMGbfcp,4132082,"['latin pop', 'pop argentino']"
43,Tiësto,2o5jDhtHVPhrJdv3cEQ99Z,6300426,"['big room', 'brostep', 'dance pop', 'dutch edm', 'edm', 'house', 'pop', 'pop dance', 'slap house', 'trance', 'tropical house']"
44,Galantis,4sTQVOfp9vEMCemLw50sbu,3211658,"['dance pop', 'edm', 'electro house', 'pop', 'pop dance', 'tropical house']"
45,24kGoldn,6fWVd57NKTalqvmjRd2t8Z,1637770,"['cali rap', 'pop rap']"
46,Tiago PZK,5Y3MV9DZ0d87NnVm56qSY1,1650314,['trap argentino']
47,Wisin,3E6xrwgnVfYCrCs0ePERDz,7680915,"['latin', 'latin hip hop', 'reggaeton', 'trap latino']"
48,Bella Poarch,26cMerAxjx9GedFt0lMDjm,741322,['modern alternative pop']
49,Bizarrap,716NhGYqD1jl2wI1Qkgq36,5124631,"['argentine hip hop', 'pop venezolano', 'trap argentino', 'trap latino']"
50,Marc Seguí,5FQ8tBUtIamA2hRtatrYUF,80963,"['rap espanol', 'spanish pop']"
51,Billie Eilish,6qqNVTkY8uBg9cP3Jd7DAH,60389862,"['art pop', 'electropop', 'pop']"
52,Majestic,6QMABvTzixnxzsLYyhqRxI,41432,"['house', 'pop dance', 'uk dance']"
53,Marshmello,64KEffDW9EtZ1y2vBYgq8T,33415088,"['brostep', 'dance pop', 'edm', 'pop', 'pop dance', 'progressive electro house']"
54,Surf Curse,1gl0S9pS0Zw0qfa14rDD3D,698985,"['dreamo', 'indie surf', 'surf punk', 'vegas indie']"
55,João Gomes,4JNo6Q5KdcRf1vtSX9mB0S,2773059,['arrocha']
57,Maroon 5,04gDigrS5kc9YWfZHwBETP,35957153,"['pop', 'pop rock']"
58,OneRepublic,5Pwc4xIPtQLFEnJriah9YJ,13466066,"['dance pop', 'piano rock', 'pop', 'pop rock']"
59,Megan Thee Stallion,181bsRPaVXVlUKXrxwZfHK,6360320,"['dance pop', 'houston rap', 'pop', 'trap queen']"
60,ATB,7jZM5w05mGhw6wTB1okhD9,331000,"['german dance', 'german techno', 'german trance', 'trance']"
63,Giveon,4fxd5Ee7UefO4CUXgwJ7IP,2057048,"['pop', 'r&b']"
65,Trinidad Cardona,4wP1kxjUsc9IR4Iy2smL7o,140006,[]
66,The Neighbourhood,77SW9BnxLY8rJ0RciFqkHh,8664989,"['modern alternative rock', 'modern rock', 'pop']"
67,Maluma,1r4hJ1h58CWwUQe3MxPuau,30507223,"['latin', 'reggaeton', 'reggaeton colombiano', 'trap latino']"
68,Lewis Capaldi,4GNC7GD6oZMSxPGyXy4MNB,9430903,"['pop', 'uk pop']"
69,Smiley,6jeg7JBX9J9097esK752iR,28812,"['canadian hip hop', 'toronto rap']"
70,Sleepy Hallow,6EPlBSH2RSiettczlz7ihV,818280,"['brooklyn drill', 'nyc rap']"
71,KAROL G,790FomKkXshlbRYZFtlgla,23623715,"['latin', 'reggaeton', 'reggaeton colombiano', 'trap latino']"
72,Justin Quiles,14zUHaJZo1mnYtn6IBRaRP,3417903,"['latin', 'reggaeton', 'trap latino']"
73,Shouse,2TcGJdSOiOvITBzhvfX8XB,71190,['aussietronica']
75,Kali Uchis,1U1el3k54VvEUzo3ybLPlM,2782311,"['colombian pop', 'dance pop', 'pop', 'r&b']"
76,Gera MX,2hejA1Dkf8v8R0koF44FvW,3027798,"['mexican hip hop', 'rap conciencia']"
77,Los Legendarios,0n6sKrG0xKAf8xmdqeNGke,73199,"['reggaeton', 'reggaeton flow', 'trap latino']"
78,Tones And I,2NjfBq1NflQcKSeiDooVjY,2951614,"['australian pop', 'pop']"
80,Drake,3TVXtAsR1Inumwj472S9r4,62603156,"['canadian hip hop', 'canadian pop', 'hip hop', 'rap', 'toronto rap']"
81,Bo Burnham,2Waw2sSbqvAwK8NwACNjVo,1422946,['comic']
83,Travis Scott,0Y5tJX1MQlPlqiwlOH1tJY,20302988,"['hip hop', 'rap', 'slap house']"
84,Joel Corry,6DgP9otnZw5z6daOntINxp,264626,"['dance pop', 'edm', 'pop', 'pop dance', 'tropical house', 'uk dance']"
86,Justin Wellington,5lTjv8Ag00qHSGhvK4JbeF,29767,"['melanesian pop', 'pacific islands pop', 'png pop']"
87,Belly,0FOWNUFHPnMy0vOw1siGqi,235299,"['canadian hip hop', 'canadian trap', 'pop rap', 'rap', 'trap', 'trap soul']"
88,Duncan Laurence,3klZnJvYGIbWritVwQD434,399898,['dutch pop']
90,Ariana Grande,66CXWjxzNUsdJxJ2JdwvnR,78392343,"['dance pop', 'pop']"
92,RAF Camora,0Dvx6p8JDyzeOPGmaCIH1L,1488063,['german hip hop']
93,Natti Natasha,1GDbiv3spRmZ1XdM1jQbT7,7633211,"['latin', 'latin pop', 'rap latina', 'reggaeton', 'trap latino']"
96,WILLOW,3rWZHrfrsPBxVy692yAIxF,2064079,"['afrofuturism', 'dance pop', 'electropop', 'pop', 'post-teen pop']"
97,Dave,6Ip8FS7vWT1uKkJSweANQK,2051933,['uk hip hop']
100,Madison Beer,2kRfqPViCqYdSGhYSM9R0Q,4741148,"['alt z', 'dance pop', 'electropop', 'pop', 'post-teen pop']"
101,BANDIDO,7CSpCpNGTK9589bTi44SzE,70999,['concurso de talentos argentino']
102,Imagine Dragons,53XhwfbYqKCa1cC15pYq2q,39421797,"['modern rock', 'rock']"
103,Internet Money,6MPCFvOQv5cIGfw3jODMF0,626840,"['rap', 'trap']"
105,SAINt JHN,0H39MdGGX6dbnnQPt6NQkZ,844028,"['melodic rap', 'pop rap', 'rap', 'slap house', 'trap']"
107,Becky G,4obzFoKoKRHIphyHzJ35G3,11265519,"['dance pop', 'latin', 'latin pop', 'latin viral pop', 'pop', 'rap latina', 'reggaeton']"
108,Ingratax,62YF0FglEltB3CnVIjoko8,236109,['concurso de talentos argentino']
111,dhruv,70NcAr4ZtA3FAqU16iQZSb,267974,"['chill r&b', 'nyc pop', 'pop']"
113,Calvin Harris,7CajNmpbOovFoOoasH2HaY,22648811,"['dance pop', 'edm', 'electro house', 'house', 'pop', 'pop dance', 'pop rap', 'progressive house', 'uk dance']"
114,Luan Santana,3qvcCP2J0fWi0m0uQDUf6r,6002436,"['arrocha', 'sertanejo', 'sertanejo pop', 'sertanejo universitario']"
116,Shawn Mendes,7n2wHs1TKAczGzO7Dd2rGr,37307146,"['canadian pop', 'dance pop', 'pop', 'viral pop']"
119,MYA,5Rj6rNR8zIlUUDCs1OyPmW,423313,['pop argentino']
121,DaBaby,4r63FhuTkUYltbVAg5TQnk,9455310,"['north carolina hip hop', 'rap', 'trap']"
122,Conan Gray,4Uc8Dsxct0oMqx0P6i60ea,5325392,"['bedroom pop', 'pop']"
123,Tate McRae,45dkTj5sMRSjrmBSBeiHym,2633973,['pop']
124,Avicii,1vCWHaC5f2uS3yhpwWbIA6,21611673,"['dance pop', 'edm', 'pop', 'pop dance']"
125,Vance Joy,10exVja0key0uqUkk6LJRT,2588556,"['folk-pop', 'modern rock', 'pop', 'pop rock']"
126,Nirvana,6olE6TJLqED3rqDCT0FyPh,15083995,"['grunge', 'permanent wave', 'rock']"
130,Trippie Redd,6Xgp2XMz1fhVYe7i6yNAax,7468026,"['melodic rap', 'rap', 'trap']"
132,Tom Odell,2txHhyCwHjUEpJjWrEyqyX,2122487,"['chill pop', 'pop']"
133,Jamie Miller,2LkkwxA19J8C52wPQl5bG6,324198,['pop soul']
134,Hozier,2FXC3k01G6Gw61bmprjgqS,5113655,"['irish singer-songwriter', 'pop']"
135,Tom Grennan,5SHxzwjek1Pipl1Yk11UHv,322906,"['modern rock', 'tropical house', 'uk pop']"
136,Gusttavo Lima,7MiDcPa6UiV3In7lIM71IN,15530604,"['arrocha', 'sertanejo', 'sertanejo universitario']"
137,Cardi B,4kYSro6naA4h99UJvo89HB,19705825,"['dance pop', 'pop', 'pop rap', 'rap']"
139,Khalid,6LuN9FCkKOj5PcnpouEgny,15127502,"['pop', 'pop r&b']"
140,Queen,1dfeR4HaWDbWqFHLkxsg1d,40775971,"['classic rock', 'glam rock', 'rock']"
141,Myke Towers,7iK8PXO48WeuP03g8YR51W,8445586,"['latin', 'reggaeton', 'trap latino']"
142,MEDUZA,0xRXCcSX89eobfrshSVdyu,517593,"['edm', 'pop', 'pop dance', 'pop house', 'tropical house']"
144,Ofenbach,4AKwRarlmsUlLjIwt38NLw,478209,"['dance pop', 'edm', 'electro house', 'pop', 'pop dance', 'tropical house']"
145,Camilo,28gNT5KBp7IjEOQoevXf9N,14800084,"['colombian pop', 'reggaeton colombiano']"
146,Lady Gaga,1HY2Jd0NmPuamShAr6KMms,21788702,"['art pop', 'dance pop', 'pop']"
147,Cochise,46HzS7yz0c9udVwtbHk1sx,345291,"['plugg', 'pluggnb']"
148,Mari Fernandez,0BHm7qbh3ENxvXzkQAG7MP,324574,"['arrocha', 'arrochadeira', 'sertanejo pop']"
150,Coldplay,4gzpq5DPGxSnKTe4SA8HAU,35195983,"['permanent wave', 'pop']"
151,Emilia,0AqlFI0tz2DsEoJlKSIiT9,584463,['pop argentino']
154,Matheus Fernandes,37mqXU98U5GmH5ZDtlHM1c,333083,"['arrocha', 'forro', 'sertanejo pop']"
155,Vegedream,4eYnorQRhVHT2KBl2UyHHd,1372389,"['francoton', 'french hip hop', 'pop urbaine']"
156,Pop Smoke,0eDvMgVFoNV3TpwtrVCoTj,9806593,['brooklyn drill']
157,AURORA,1WgXqy2Dd70QQOU7Ay074N,2229940,"['art pop', 'norwegian pop']"
160,Juice WRLD,4MCBfE4596Uoi2O4DtmEMz,23450573,"['chicago rap', 'melodic rap']"
161,Lil Tjay,6jGMq4yGs7aQzuGsMgVgZR,4932544,"['brooklyn drill', 'melodic rap', 'nyc rap']"
163,P!nk,1KCSPY1glIKqW2TotWuXOR,12943261,"['dance pop', 'pop']"
167,The Killers,0C0XlULifJtAgn6ZNCW2eu,6461243,"['alternative rock', 'dance rock', 'modern rock', 'permanent wave', 'rock']"
168,The Police,5NGO30tJxFlKixkPSgXcFE,4838746,"['album rock', 'art rock', 'classic rock', 'mellow gold', 'new wave', 'permanent wave', 'rock', 'soft rock']"
169,Fleetwood Mac,08GQAI4eElDnROBrJRGE0X,8098004,"['album rock', 'classic rock', 'mellow gold', 'rock', 'soft rock', 'yacht rock']"
170,James Arthur,4IWBUUAFIplrNtaOHcJPRM,9618106,"['pop', 'talent show', 'uk pop']"
171,Normani,2cWZOOzeOm4WmBJRnD5R7I,1858921,"['dance pop', 'pop', 'post-teen pop', 'r&b', 'urban contemporary']"
174,Powfu,6bmlMHgSheBauioMgKv2tn,1051337,"['lo-fi chill', 'sad rap']"
175,Anne-Marie,1zNqDE7qDGCsyzJwohVaoX,9397882,"['dance pop', 'pop', 'pop dance', 'post-teen pop', 'tropical house', 'uk pop']"
179,Sarah Cothran,3kft86DbqCNr7rjq3pEj0G,232392,['gen z singer-songwriter']
180,Walker Hayes,7sKxqpSqbIzphAKAhrqvlf,444119,"['contemporary country', 'country', 'country road', 'modern country rock']"
182,John Legend,5y2Xq6xcjJb2jVM54GHK3t,6152179,"['neo soul', 'pop', 'pop soul', 'r&b', 'urban contemporary']"
185,Saweetie,6cK3NBO6uP7hh0oyuVELFl,1550400,"['cali rap', 'dance pop', 'pop', 'pop rap', 'r&b', 'trap queen']"
187,SZA,7tYKF4w9nC0nq9CsPZTHyP,7568727,"['pop', 'r&b']"
191,Blxst,4qXC0i02bSFstECuXP2ZpL,273599,['pop rap']
192,MC Zaquin,1OwYxVDNKP9JtSpp5E0uA4,255831,"['funk bh', 'funk carioca']"
193,Topic,0u6GtibW46tFX7koQ6uNJZ,172612,"['dance pop', 'edm', 'electro house', 'german dance', 'pop dance', 'pop edm', 'tropical house']"
194,Luísa Sonza,4PzYKhC14sTJNEr0dzoo0d,2860756,"['funk carioca', 'pop nacional']"
195,Roddy Ricch,757aE44tKEUQEqRuT6GnEB,7786959,"['melodic rap', 'rap', 'trap']"
197,Eminem,7dGJo4pcD2V6oG8kP0tJRR,54567568,"['detroit hip hop', 'hip hop', 'rap']"
203,KSI,1nzgtKYFckznkcVMR3Gg4z,2333579,['uk hip hop']
206,"Tyler, The Creator",4V8LLVI7PbaPR0K2TGSxFF,8492415,"['hip hop', 'rap']"
207,Pashanim,34LetYSjEuG2fBb4Z8PwPg,305059,"['german alternative rap', 'german drill', 'german hip hop']"
208,Tion Wayne,7b79bQFziJFedJb75k6hFt,526414,['london rap']
211,BLANCO,1MRiIeZbc0cRuxOafDUCtH,847664,['italian pop']
212,Regard,4ofCBoyEiGSePFAG500xev,178513,"['dance pop', 'edm', 'electro house', 'pop', 'pop dance', 'pop edm', 'slap house', 'tropical house']"
214,John Mayer,0hEurMDQu99nJRq8pTxO14,5477849,"['neo mellow', 'pop rock', 'singer-songwriter']"
216,Mc Davi,1cYhx7ZOhYoVmnDPb9KMwo,3136559,"['funk carioca', 'funk ostentacao', 'funk paulista']"
222,Selena Gomez,0C8ZW7ezQVs4URX5aX7Kqx,34394609,"['dance pop', 'pop', 'post-teen pop']"
223,Bas,70gP6Ry4Uo0Yx6uzPIdaiJ,441217,"['hip hop', 'queens hip hop', 'rap', 'sudanese hip hop', 'sudanese pop', 'underground hip hop']"
225,Israel & Rodolffo,41QLxRXlc2NwfJZkHGHKid,1495568,"['arrocha', 'sertanejo', 'sertanejo pop', 'sertanejo universitario']"
226,TWICE,7n2Ycct7Beij7Dj7meI4X0,13137244,"['k-pop', 'k-pop girl group']"
227,BIA,6veh5zbFpm31XsPdjBgPER,305704,"['pop', 'r&b', 'rap latina', 'trap queen']"
228,Kane Brown,3oSJ7TBVCWMDMiYjXNiCKE,4023538,"['black americana', 'contemporary country', 'country road']"
229,Alex Rose,2DspEsT7UXGKd2VaaedgG4,2770189,"['latin', 'reggaeton', 'trap latino']"
230,Dj Guuga,1cNPXWhKfjI0fT5EMCnamR,726884,"['arrocha', 'arrochadeira', 'funk carioca', 'funk paulista', 'rave funk']"
233,The Chainsmokers,69GGBxA162lTqCwzJG5jLp,18976152,"['dance pop', 'edm', 'electropop', 'pop', 'pop dance', 'tropical house']"
234,Oasis,2DaxqgrOhkeH0fpeiQq2f4,7239044,"['beatlesque', 'britpop', 'madchester', 'permanent wave', 'rock']"
235,Brent Faiyaz,3tlXnStJ1fFhdScmQeLpuG,2222824,"['dmv rap', 'hip hop', 'pop', 'r&b', 'rap']"
237,Big Red Machine,7gXy60xRcwYujBFoYHnR2O,126195,"['eau claire indie', 'folktronica', 'indie folk', 'indie pop']"
240,DJ Khaled,0QHgL1lAIqAw0HtD7YldmP,7425327,"['dance pop', 'dirty south rap', 'hip hop', 'miami hip hop', 'pop', 'pop rap', 'rap', 'southern hip hop', 'trap']"
241,StarBoi3,2WgfkM8S11vg4kxLgDY3F5,24341,[]
242,Lorde,163tK9Wjr9P9DmM0AVK7lm,9315486,"['art pop', 'dance pop', 'electropop', 'metropopolis', 'nz pop', 'pop']"
244,Shirin David,0JBdTCGs111JKKYfLqOEBa,736784,"['frauenrap', 'german pop']"
245,CJ,7arQA31aZVS8yS6zUveWzb,205198,['nyc rap']
247,Miley Cyrus,5YGY8feqx7naU7z4HrwZM6,17902323,"['dance pop', 'pop', 'post-teen pop']"
248,Gym Class Heroes,4IJczjB0fJ04gs4uvP0Fli,1357722,"['dance pop', 'pop rap']"
250,sangiovanni,7dL0nOHwnSAsNAwpkPSGWP,623371,[]
252,Arctic Monkeys,7Ln80lUS6He07XvHI8qqHH,14236082,"['garage rock', 'permanent wave', 'rock', 'sheffield indie']"
266,Migos,6oMuImdp5ZcFhWP0ESe6mG,12270580,"['atl hip hop', 'hip hop', 'pop rap', 'rap', 'trap']"
269,Fedez,3pgCLfNbw5ozIfoNsvDU7i,1769023,['italian pop']
271,Jawsh 685,56mfhUDKa1vec6rSLZV5Eg,105253,['nz pop']
273,Boza,2NfSBtmWe7oPw1EmetJVso,409519,"['latin', 'latin pop', 'reggaeton', 'trap latino']"
275,Soso Maness,0oeiA5U9u1U45Gos5cywUU,403815,"['francoton', 'french hip hop', 'pop urbaine', 'rap francais', 'rap marseille']"
276,J. Cole,6l3HvQ5sa6mXTsMTB19rO5,16452847,"['conscious hip hop', 'hip hop', 'north carolina hip hop', 'rap']"
278,XXXTENTACION,15UsOTVnJzReFVN1VCnxy4,35825062,"['emo rap', 'miami hip hop']"
281,Nathan Evans,1PKErrAhYFdfrDymGHRQRo,209915,[]
282,Macklemore & Ryan Lewis,5BcAKTbp20cv7tC5VqPFoC,2572201,"['dance pop', 'pop', 'pop rap', 'seattle hip hop']"
284,Machine Gun Kelly,6TIYQ3jFPwQSRmorSezPxX,4522434,"['ohio hip hop', 'pop rap']"
289,Martin Garrix,60d24wfXkVzDSfLS6hyCjZ,15506200,"['dance pop', 'dutch edm', 'edm', 'electro house', 'pop', 'pop dance', 'progressive house', 'tropical house']"
290,Rochy RD,4riOEaOW5hCeqomFDBk0aP,539851,"['dembow', 'dominican pop', 'rap dominicano', 'trap latino']"
291,Linkin Park,6XyY86QOPPrYVGvF9ch6wz,21553450,"['alternative metal', 'nu metal', 'post-grunge', 'rap metal']"
301,Ava Max,4npEfmQ6YuiwW1GpUmaq3F,5108671,"['dance pop', 'pop']"
303,Black Eyed Peas,1yxSLGMDHlW21z4YXirZDS,6566150,"['dance pop', 'pop', 'pop rap']"
308,MC Kevin o Chris,2UMj7NCbuqy1yUZmiSYGjJ,2877858,"['funk 150 bpm', 'funk carioca']"
313,Lil Baby,5f7VJjfbwm532GiveGC0ZK,10168118,"['atl hip hop', 'atl trap', 'rap', 'trap']"
316,TOMORROW X TOGETHER,0ghlgldX5Dd6720Q3qFyQB,6033539,"['k-pop', 'k-pop boy group']"
318,Lil Tecca,4Ga1P7PMIsmqEZqhYZQgDo,5008214,"['melodic rap', 'pluggnb', 'rap', 'trap']"
319,Young Stoner Life,1xr2G8Hlx4QWmT9HaUbmoO,77412,"['hip hop', 'rap', 'trap']"
320,Manuel Turizo,0tmwSHipWxN12fsoLcFU3B,9392335,"['colombian pop', 'latin', 'latin pop', 'reggaeton', 'reggaeton colombiano', 'trap latino']"
324,Ashnikko,3PyJHH2wyfQK3WZrk9rpmP,1656054,"['electropop', 'escape room', 'pop']"
326,Alok,0NGAZxHanS9e0iNHpR8f2W,11328108,"['electro house', 'pop nacional', 'slap house']"
330,Malu,3fll16LLw6kdDxWzSpJPEQ,86911,['arrocha']
332,Lil Mosey,5zctI4wO9XSKS8XwcnqEHk,4492630,"['melodic rap', 'rap', 'rap conscient', 'trap', 'vapor trap']"
333,Gotye,2AsusXITU8P25dlRNhcAbG,2303900,['australian pop']
335,Mc Poze do Rodo,28ie4NNTa2VW2QV4Zray8M,1678656,[]
339,Barbara Pravi,3L4wiBOSDLkJ18OISXZDA8,105524,"['eurovision', 'nouvelle chanson francaise']"
340,Twenty One Pilots,3YQKmKGau1PzlVlkL1iodx,22258679,"['modern rock', 'rock']"
343,Nicki Minaj,0hCNtLu0JehylgoiP8L4Gh,24743029,"['dance pop', 'hip pop', 'pop', 'pop rap', 'queens hip hop']"
344,Blind Channel,3L58J6a7f0jyy2p6f3MSAs,149693,"['eurovision', 'oulu metal', 'trancecore']"
345,Go_A,4kvCU3MzggM2piZCqvxj0x,144349,['eurovision']
346,ITZY,2KC9Qb60EaY0kW4eH68vr3,3987244,['k-pop girl group']
349,Joyner Lucas,6C1ohJrd5VydigQtaGy5Wa,1896421,"['boston hip hop', 'hip hop', 'pop rap', 'rap']"
350,Beach Bunny,2vnB6tuQMaQpORiRdvXF9H,863336,"['bubblegrunge', 'chicago indie', 'indie pop']"
351,Gjon's Tears,0RIwEP1SaALlxn9jOVqHfA,39639,['eurovision']
353,Dream,6LArUyIoMiHmDvvOAsE2cd,1129270,['dream smp']
354,Daði Freyr,3Hb64DQZIhDCgyHKrzBXOL,190279,"['icelandic pop', 'sunnlensk tonlist']"
365,MARINA,6CwfuxIqcltXDGjfZsMd9A,3577408,"['dance pop', 'electropop', 'metropopolis', 'pop', 'uk alternative pop']"
368,Milly,7kXCcNRLEnblbTAppPraBp,40725,"['reggaeton', 'reggaeton flow', 'trap latino']"
369,Daddy Yankee,4VMYDCV2IEDYJArk749S6m,26770193,"['latin', 'latin hip hop', 'reggaeton', 'trap latino']"
372,JP Saxe,66W9LaWS0DPdL7Sz8iYGYe,340883,"['alt z', 'canadian contemporary r&b', 'pop']"
376,Don Toliver,4Gso3d4CscCijv0lmajZWs,2093643,"['pop', 'rap', 'trap']"
379,Pink Sweat$,1W7FNibLa0O0b572tB2w7t,1250026,"['bedroom soul', 'chill r&b', 'pop']"
380,Future,1RyvyyTE3xzB2ZywiAwp0i,11332628,"['atl hip hop', 'hip hop', 'pop rap', 'rap', 'southern hip hop', 'trap']"
381,187 Strassenbande,2j2rh3oQh4QEUnNTDKYSJD,1300157,"['german hip hop', 'hamburg hip hop']"
383,Nicky Jam,1SupJlEpv7RS2tPNRaHViT,16675396,"['latin', 'latin hip hop', 'reggaeton', 'trap latino']"
384,Raí Saia Rodada,0NiaKn55OzJswiYevvlKfz,1735080,"['arrocha', 'forro']"
388,Jorge & Mateus,1elUiq4X7pxej6FRlrEzjM,16442390,"['arrocha', 'sertanejo', 'sertanejo pop', 'sertanejo universitario']"
389,ElyOtto,4b19vuzlDcNdU4quI7L6sW,106613,"['hyperpop', 'weirdcore']"
390,Baby Keem,5SXuuuRpukkTvsLuUknva1,797779,"['hip hop', 'rap']"
394,Anitta,7FNnA9vBm6EKceENgCGRMb,11518065,"['funk carioca', 'funk pop', 'pagode baiano', 'pop nacional']"
395,ROSÉ,3eVa5w3URK5duf6eyVDbu9,2690466,['k-pop']
396,Taylor Swift,06HL4z0CvFAxyc27GXpf02,51773846,['pop']
399,Demi Lovato,6S2OmqARrzebs0tKUEyXyp,22111632,"['dance pop', 'pop', 'post-teen pop']"
400,Pooh Shiesty,5F1aAS1duwlzExnPs3l2Xe,805622,"['memphis hip hop', 'rap', 'southern hip hop', 'tennessee hip hop', 'trap']"
404,H.E.R.,3Y7RZ31TRPVadSFVy1o8os,5044392,"['alternative r&b', 'dance pop', 'pop', 'r&b']"
406,Ritt Momney,7MPGCB854Qo4alYMOPkBka,113004,"['bedroom pop', 'indie pop']"
407,Diego & Victor Hugo,3k68C6mNMJL6OaAdWeW2ZF,1928299,"['arrocha', 'sertanejo', 'sertanejo pop', 'sertanejo universitario']"
412,Mimi Webb,3GxKJzJK4LpsYGXQrw77wz,210998,"['alt z', 'dance pop', 'gen z singer-songwriter', 'pop', 'uk pop']"
413,blackbear,2cFrymmkijnjDg9SS92EPM,4659254,"['electropop', 'pop', 'pop rap']"
420,Wesley Safadão,1AL2GKpmRrKXkYIcASuRFa,10712454,"['arrocha', 'forro', 'sertanejo pop']"
421,Os Barões Da Pisadinha,5Lv2GUVwqmQBPwrTrxucE5,5963445,"['arrocha', 'forro', 'piseiro']"
428,DMX,1HwM5zlC5qNWhJtM00yXzG,3311583,"['east coast hip hop', 'gangster rap', 'hardcore hip hop', 'hip hop', 'pop rap', 'rap']"
444,KHEA,4m6ubhNsdwF4psNf3R8kwR,3957786,"['argentine hip hop', 'trap argentino', 'trap latino', 'trap triste']"
447,Sam Fischer,6L1XC7NrmgWRlwAeLJvVtA,166008,"['australian pop', 'dance pop', 'pop', 'tropical house', 'uk pop']"
449,Kevin Roldan,1RBzGO6Nm3uyhUSxP7EDWO,4616267,"['latin', 'latin hip hop', 'reggaeton', 'reggaeton colombiano', 'reggaeton flow', 'trap latino']"
450,Jason Derulo,07YZf4WDAMNwqr4jfgOZ8y,11010168,"['dance pop', 'pop', 'pop rap', 'post-teen pop']"
453,Mother Mother,0e86yPdC41PGRkLp2Q1Bph,2693790,"['indie pop', 'vancouver indie']"
454,DJ Ivis,0RPzmE1iY76tx1eBBXFyYn,425378,"['arrocha', 'piseiro']"
455,Rusherking,3Apb2lGmGJaBmr0TTBJvIZ,746471,"['trap argentino', 'trap triste']"
459,Jack Harlow,2LIk90788K0zvyj2JJVwkJ,1830780,"['deep underground hip hop', 'kentucky hip hop', 'rap']"
460,a-ha,2jzc5TC5TVFLXQlBNiIUzE,1750333,"['new romantic', 'new wave', 'new wave pop', 'permanent wave', 'soft rock', 'synthpop']"
466,Ozuna,1i8SpTcr7yvPOmcqrbnVXY,31730848,"['latin', 'puerto rican pop', 'reggaeton', 'trap latino']"
468,Zoe Wees,03d2mJXSMtuPI0nIvLnhoS,314610,['german pop']
475,Hugo & Guilherme,1LIuN7ov1IBQDdLsU83ojl,599978,"['arrocha', 'sertanejo pop']"
478,Lana Del Rey,00FQb4jTyendYWaN8pK0wa,15934064,"['art pop', 'pop']"
484,Hippie Sabotage,4dM6NDYSfLcspt8GLoT5aE,783043,"['edm', 'electronic trap']"
488,DJ Snake,540vIaP2JwjQb9dm3aArA4,7743574,"['dance pop', 'edm', 'electronic trap', 'pop', 'pop dance', 'pop rap']"
489,Sia,5WUlDfRSoLAfcVSX1WnrxN,22934993,"['australian dance', 'australian pop', 'pop']"
491,Jay Wheeler,2cPqdH7XMvwaBJEVjheH8g,2531769,"['latin', 'reggaeton', 'trap latino']"
492,Robin Schulz,3t5xRXzsuZmMDkQzgOX35S,2908122,"['dance pop', 'deep euro house', 'deep house', 'edm', 'german dance', 'pop', 'pop dance', 'tropical house']"
495,Tame Impala,5INjqkS1o8h1imAzPqGZBb,5587296,"['australian psych', 'neo-psychedelic']"
498,BANNERS,4qWnlmXWuGv2TtuxtIWlJX,485767,"['indie poptimism', 'modern rock', 'pop', 'pop rock']"
499,Pamungkas,7d86ERlvO5UG44j7Va0Y0C,2803309,"['indonesian pop', 'indonesian singer-songwriter']"
500,BLACKPINK,41MozSoPIsD1dJM0CLPjZF,29338962,"['k-pop', 'k-pop girl group']"
501,NF,6fOMl44jA4Sp5b9PpYCkzz,6903802,"['hip hop', 'pop rap', 'rap']"
502,Madame,1vgQksyJ0IVz8y9XerEOy3,449438,"['italian hip hop', 'italian pop', 'trap italiana']"
505,Francesca Michielin,4jFlmD92WULLlaRS8Cj6QS,625441,"['italian adult pop', 'italian pop', 'italian pop rock']"
506,Anuel AA,2R21vXR83lH98kGeO99Y66,21256926,"['latin', 'reggaeton', 'reggaeton flow', 'trap boricua', 'trap latino']"
507,Booba,58wXmynHaAWI5hwlPZP3qL,2408457,"['francoton', 'french hip hop', 'old school rap francais', 'pop urbaine', 'rap conscient']"
509,Lele Pons,6i3DxIlAqnDkwELLw4aVrx,997740,"['latin pop', 'viral pop']"
511,Lil Peep,2kCcBybjl3SAtIcwdWpUe3,8934772,"['emo rap', 'lgbtq+ hip hop']"
512,BØRNS,1KP6TWI40m7p3QBTU6u2xo,1080095,"['modern rock', 'pop']"
516,C. Tangana,5TYxZTjIPqKM8K8NuP9woO,1920604,['urbano espanol']
519,Arizona Zervas,0vRvGUQVUjytro0xpb26bs,666699,"['pop rap', 'rhode island rap', 'social media pop']"
522,Halsey,26VFTg2z8YR0cCuwLzESi2,17481006,"['dance pop', 'electropop', 'etherpop', 'indie poptimism', 'pop']"
525,Clairo,3l0CmX0FuQjFxr8SK7Vqag,3207212,"['bedroom pop', 'indie pop', 'pop']"
527,Bausa,13bDjug9N0pyv3ZUINjkDV,991730,['german hip hop']
530,Sabrina Carpenter,74KM79TiuVKeVCqs8QtB0B,4091080,"['alt z', 'dance pop', 'electropop', 'pop', 'post-teen pop']"
532,Sara Kays,7Lk9V7E1u5gqSHmtcKlOqH,307118,"['alt z', 'gen z singer-songwriter', 'modern indie pop', 'pop']"
542,Tarcísio do Acordeon,48HORs6F9P7IgdyKrk4MZC,2354560,['arrocha']
547,Surf Mesa,1lmU3giNF3CSbkVSQmLpHQ,144941,['tropical house']
554,benny blanco,5CiGnKThu5ctn9pBxv7DGa,891247,"['pop', 'pop rap']"
558,Bring Me The Horizon,1Ffb6ejR6Fe5IamqA5oRUF,4360755,"['melodic metalcore', 'metalcore', 'rock', 'uk metalcore']"
560,Kawe,1TYJOhNSxMOODWiDVhuyZb,608590,"['brazilian hip hop', 'funk ostentacao']"
563,Dean Lewis,3QSQFmccmX81fWCUSPTS7y,1997660,"['australian pop', 'pop']"
565,Jerry Di,7f02bxFbZIOVdSbYRNYvLT,220482,"['cubaton', 'dominican pop', 'pop venezolano', 'reggaeton', 'reggaeton flow', 'trap latino']"
566,KASIMIR1441,7ADRm1oT7VmhRRZrZqycV6,211954,"['german alternative rap', 'german hip hop', 'german trap', 'tekk']"
568,ZAYN,5ZsFI1h6hIdQRw2ti0hz81,19600649,"['dance pop', 'electropop', 'pop', 'post-teen pop', 'uk pop']"
571,Morgan Wallen,4oUHIQIBe0LHzYfvXNW4QM,3191806,['contemporary country']
574,Migrantes,48R2gYdPKtfnfKAzhSVPUx,193608,['cumbia pop']
578,Sam Smith,2wY79sveU1sp5g7SokKOiI,19272338,"['dance pop', 'pop', 'uk pop']"
579,347aidan,0bBz5bRBkExaej2HxtVfCw,334483,"['sad lo-fi', 'sad rap']"
582,Chris Brown,7bXgB6jMjp9ATFy66eO08Z,15743307,"['dance pop', 'pop', 'pop rap', 'r&b', 'rap']"
586,Erica Banks,2SXhbucehn00OBVKhzxDyM,65202,['trap queen']
603,Apache 207,1qQLhymHXFPtP5U8KNKsm6,1903542,['german hip hop']
605,Surfaces,4ETSs924pXMzjIeD6E9b4u,824051,"['bedroom soul', 'pop']"
606,Petter Ferraz,6gGJH7joTDx9M3xREiAq9U,17247,[]
611,Kid Cudi,0fA0VVWsXO9YnASrzqfmYu,5714599,"['hip hop', 'ohio hip hop', 'rap']"
614,CORPSE,7yntSJ6uojO3z6GFUVwhAW,2125737,"['dream smp', 'viral rap']"
615,Mariah Carey,4iHNK0tOyZPYnBU7nGAgpQ,7680874,"['dance pop', 'pop', 'urban contemporary']"
616,Wham!,5lpH0xAS4fVfLkACg9DAuM,1887492,"['disco', 'europop', 'new romantic', 'new wave pop', 'soft rock']"
618,Brenda Lee,4cPHsZM98sKzmV26wlwD2W,259563,"['adult standards', 'brill building pop', 'lounge', 'rockabilly', 'vocal jazz']"
619,Bobby Helms,38EmEgXkgK51MT2tPY0EoC,24729,['adult standards']
620,Michael Bublé,1GxkXlMwML1oSg5eLPiAz3,5159657,"['adult standards', 'canadian pop', 'jazz pop', 'lounge']"
621,Andy Williams,4sj6D0zlMOl25nprDJBiU9,422205,"['adult standards', 'brill building pop', 'easy listening', 'lounge']"
622,Kelly Clarkson,3BmGtnKgCSGYIUhmivXKWX,8654489,"['dance pop', 'neo mellow', 'pop', 'post-teen pop', 'talent show', 'urban contemporary']"
623,José Feliciano,7K78lVZ8XzkjfRSI7570FF,279190,"['latin pop', 'puerto rican pop']"
624,Dean Martin,49e4v89VmlDcFCMyDv9wQ9,1281848,"['adult standards', 'easy listening', 'lounge']"
625,Frank Sinatra,1Mxqyy3pSjf8kZZL4QVxS0,5501825,"['adult standards', 'easy listening', 'lounge']"
627,The Ronettes,7CyeXFnOrfC1N6z4naIpgo,205407,"['adult standards', 'brill building pop', 'classic girl group', 'lounge', 'soul']"
628,Band Aid,35S20clEkkSNUo23ViaslZ,22226,['musical advocacy']
629,Paul McCartney,4STHEaNw4mPZ2tzheohgXB,3949922,"['album rock', 'beatlesque', 'classic rock', 'folk rock', 'mellow gold', 'rock', 'soft rock']"
631,John Lennon,4x1nvY2FN8jxqAFA0DA02H,4809768,"['album rock', 'art rock', 'beatlesque', 'classic rock', 'folk rock', 'mellow gold', 'rock']"
632,Nat King Cole,7v4imS0moSyGdXyLgVTIV7,1809077,"['adult standards', 'lounge', 'vocal jazz']"
633,Bing Crosby,6ZjFtWeHP9XN7FeKSUe80S,397348,"['adult standards', 'easy listening', 'lounge']"
634,Playboi Carti,699OTQXzgjhIYAHMy9RyPD,6344875,"['atl hip hop', 'plugg', 'pluggnb', 'rap', 'trap']"
635,Burl Ives,0MHgLfmQdutffmvWe5XBTN,68965,"['adult standards', 'american folk revival', 'lounge']"
636,The Pogues,2wzMOQwNT6ZvVB4amvhFAH,417881,"['celtic', 'celtic punk', 'celtic rock', 'folk punk', 'irish folk', 'punk']"
637,Shakin' Stevens,0wi4yTYlGtEnbGo4ltZTib,111558,"['classic uk pop', 'europop', 'new wave pop', 'rock-and-roll', 'rockabilly']"
638,Elvis Presley,43ZHCT0cAZBISjO8DG9PnE,6479728,"['adult standards', 'rock-and-roll', 'rockabilly']"
639,Chuck Berry,293zczrfYafIItmnmM3coR,1580430,"['blues rock', 'classic rock', 'rock', 'rock-and-roll', 'rockabilly']"
640,The Jackson 5,2iE18Oxc8YSumAU232n4rW,1238153,"['adult standards', 'motown', 'soul']"
641,Kylie Minogue,4RVnAU35WRWra6OZ3CbbMA,1481996,"['australian dance', 'australian pop', 'dance pop', 'electropop', 'eurodance', 'europop', 'new wave pop', 'pop']"
642,Perry Como,5v8jlSmAQfrkTjAlpUfWtu,395131,"['adult standards', 'brill building pop', 'easy listening', 'lounge']"
643,Darlene Love,391oLRVmoTkumiN79HkTWu,44043,"['adult standards', 'brill building pop', 'lounge']"
644,Elton John,3PhoLpVuITZKcymswpck5b,9093943,"['glam rock', 'mellow gold', 'piano rock']"
646,Jonas Esticado,22jNvLBrXGKr4CcV2tw8Ag,1562177,"['arrocha', 'forro', 'sertanejo', 'sertanejo pop', 'sertanejo universitario']"
648,Daryl Hall & John Oates,77tT1kLj6mCWtFNqiOmP9H,1766284,"['album rock', 'classic rock', 'mellow gold', 'rock', 'soft rock', 'yacht rock']"
652,Britney Spears,26dSoYclwsYLMAKD3tpOr4,10717822,"['dance pop', 'pop', 'post-teen pop']"
653,Brett Eldredge,0qSX3s5pJnAlSsgsCne8Cz,1366156,"['adult standards', 'contemporary country', 'country', 'country road', 'modern country rock']"
654,Jonas Brothers,7gOdHgIoIKoe4i9Tta6qdD,6141462,"['boy band', 'dance pop', 'pop', 'post-teen pop']"
656,Gwen Stefani,4yiQZ8tQPux8cPriYMWUFP,5285444,"['dance pop', 'hip pop', 'pop', 'post-teen pop', 'urban contemporary']"
660,Idina Menzel,73Np75Wv2tju61Eo9Zw4IR,385402,"['hollywood', 'show tunes']"
663,Eartha Kitt,1AwO9pWEBSBoWdEZu28XDC,141858,"['adult standards', 'lounge', 'torch song', 'vocal jazz']"
664,Mykola Dmytrovych Leontovych,6lBN3Tzt61u8i9AJoAhKzF,3155,"['post-romantic era', 'ukrainian classical']"
666,Stevie Wonder,7guDJrEfX3qb6FEbdPA5qi,5576859,"['adult standards', 'funk', 'indie r&b', 'motown', 'quiet storm', 'soul']"
669,Bruce Springsteen,3eqjTLE0HfPfh78zjh6TqT,4741556,"['classic rock', 'heartland rock', 'mellow gold', 'permanent wave', 'rock', 'singer-songwriter', 'soft rock']"
670,Leona Lewis,5lKZWd6HiSCLfnDGrq9RAm,3200920,"['british soul', 'dance pop', 'europop', 'neo mellow', 'pop', 'post-teen pop', 'talent show', 'urban contemporary']"
671,The Beach Boys,3oDbviiivRWhXwIE8hxkVV,3588829,"['baroque pop', 'brill building pop', 'classic rock', 'psychedelic rock', 'rock', 'sunshine pop']"
672,Liam Payne,5pUo3fmmHT8bhCyHE52hA6,9394431,"['dance pop', 'pop', 'post-teen pop']"
673,Meghan Trainor,6JL8zeS1NmiOftqZTRgdTz,11312307,"['dance pop', 'hip pop', 'pop', 'post-teen pop']"
679,Pentatonix,26AHtbjWKiwYzsoGoUZq53,3284095,['a cappella']
680,Donny Hathaway,0HU0U9kdXEHZVxUNbuQe8S,473583,"['chicago soul', 'classic soul', 'funk', 'neo soul', 'quiet storm', 'soul']"
681,Tony Bennett,2lolQgalUvZDfp5vvVtTYV,720884,"['adult standards', 'easy listening', 'lounge', 'vocal jazz']"
683,Katy Perry,6jJ0s89eD6GaHleKKya26X,21120815,"['dance pop', 'pop', 'post-teen pop']"
684,*NSYNC,6Ff53KvcvAj5U7Z1vojB5o,1751173,"['boy band', 'dance pop', 'post-teen pop']"
686,Eagles,0ECwFtbIWEVNwjlrfc6xoL,7967308,"['album rock', 'classic rock', 'country rock', 'folk rock', 'heartland rock', 'mellow gold', 'rock', 'soft rock', 'yacht rock']"
716,salem ilese,3QJUFtGBGL05vo0kCJZsmT,216848,"['alt z', 'modern indie pop', 'social media pop']"
720,Studio Killers,7avo0PmlW8O1YLEt9DnWQT,207117,[]
735,Trio Vegabajeño,5TphiK6LsT4X5NOZxq3NJB,10835,"['musica jibara', 'puerto rican folk']"
737,Jhay Cortez,0EFisYRi20PTADoJrifHrz,3844371,"['latin', 'reggaeton', 'trap latino']"
739,Sfera Ebbasta,23TFHmajVfBtlRx5MXqgoz,4722181,"['italian hip hop', 'italian pop', 'trap italiana']"
740,Clean Bandit,6MDME20pz9RveH9rEXvrOM,4742949,"['dance pop', 'edm', 'pop', 'pop dance', 'tropical house', 'uk dance', 'uk funky']"
741,Christian Nodal,0XwVARXT135rw8lyw1EeWP,10602702,"['mariachi', 'musica mexicana', 'nueva musica mexicana', 'ranchera']"
743,Master KG,523y9KSneKh6APd1hKxLuF,351915,"['bolobedu house', 'south african house']"
745,Aya Nakamura,7IlRNXHjoOCgEAWN5qYksg,3341283,"['basshall', 'francoton', 'pop urbaine']"
750,Justin Timberlake,31TPClRtHm23RisEBtV3X7,11927373,"['dance pop', 'pop']"
752,21 Savage,1URnnhqYAYcrqrcwql10ft,11046938,"['atl hip hop', 'hip hop', 'rap', 'trap']"
753,Wallows,0NIPkIjTV8mB795yEIiPYL,2271610,"['indie pop', 'modern rock', 'pop']"
754,Dan + Shay,7z5WFjZAIYejWy0NI5lv4T,2597555,"['contemporary country', 'country', 'pop']"
755,Vedo,3wVXTWabe3viT0jF7DfjOL,318985,"['pop r&b', 'pop rap', 'r&b']"
757,StaySolidRocky,1XLWox9w1Yvbodui0SRhUQ,157560,['melodic rap']
760,K/DA,4gOc8TsQed9eqnqJct2c5v,1582865,['k-pop girl group']
763,Octavian,5zfEatKLDdRkgbw6sdLBAQ,228079,"['afroswing', 'london rap', 'uk alternative hip hop', 'uk hip hop']"
765,Ty Dolla $ign,7c0XG5cIJTrrAgEC3ULPiq,4195801,"['hip hop', 'pop', 'pop rap', 'r&b', 'southern hip hop', 'trap', 'trap soul']"
766,Little Mix,3e7awlrlDSwF3iM0WBjGMp,10229715,"['dance pop', 'girl group', 'pop', 'post-teen pop', 'talent show', 'uk pop']"
767,MAX,1bqxdqvUtPWZri43cKHac8,740092,"['dance pop', 'electropop', 'pop', 'post-teen pop', 'viral pop']"
769,Nelly Furtado,2jw70GZXlAI8QzWeY2bgRc,3081439,"['canadian latin', 'canadian pop', 'dance pop', 'pop', 'pop rap']"
772,Labrinth,2feDdbD5araYcm6JhFHHw7,2268966,"['indie poptimism', 'pop']"
774,Kina,4qIVPF0s71ZYW3qzhu5GkF,712512,['sad lo-fi']
775,DDG,0WK3H9OErSn5zKOkOV5egm,691564,"['pop rap', 'rap', 'trap']"
776,Luke Combs,718COspgdWOnwOFpJHRZHS,6458227,"['contemporary country', 'country', 'country road']"
777,Joji,3MZsBdqDrRTJihTHQrO6Dq,5641659,"['alternative r&b', 'viral pop']"
780,Cali Y El Dandee,5DUlefCLzVRzNWaNURTFpK,3508055,"['champeta', 'colombian pop', 'electro latino', 'latin', 'latin pop', 'reggaeton', 'reggaeton colombiano', 'trap latino']"
799,Michael Jackson,3fMbdgg4jU18AjLCKBhRSm,22415467,"['pop', 'r&b', 'soul']"
801,Bonez MC,1aS5tqEs9ci5P9KD9tZWa6,1815830,"['german hip hop', 'hamburg hip hop']"
803,AC/DC,711MCceyCBcFnzjGY4Q7Un,22920081,"['australian rock', 'hard rock', 'rock']"
805,Money Man,3Rx4PJ7SP6unkOk5elPUK7,425020,"['memphis hip hop', 'rap', 'southern hip hop', 'trap']"
809,Big Sean,0c173mlxpT3dSFRgMO8XPh,9509679,"['detroit hip hop', 'hip hop', 'pop', 'pop rap', 'rap', 'southern hip hop', 'trap']"
812,Lauv,5JZ7CnR6gTvEMKX4g70Amv,4959639,"['dance pop', 'electropop', 'pop']"
814,THE SCOTTS,2PaZWGu5T5nHjY2xxAkFsT,182166,[]
815,Trueno,2x7PC78TmgqpEIjaGAZ0Oz,3165752,"['argentine hip hop', 'bases de freestyle', 'trap argentino', 'trap latino']"
816,Passenger,0gadJ2b9A4SKsB1RFkBb66,2957517,"['folk-pop', 'neo mellow', 'pop', 'pop rock']"
817,Melanie Martinez,63yrD80RY3RNEM2YDpUpO8,13389167,"['alt z', 'electropop', 'pop']"
818,Kygo,23fqKkggKUBHNkbKtXEls4,7978332,"['edm', 'pop', 'pop dance', 'tropical house']"
819,Adele,4dpARuHxo51G3z768sgnrY,36640647,"['british soul', 'pop', 'pop soul', 'uk pop']"
820,Ali Gatie,4rTv3Ejc7hKMtmoBOK1B4T,1883412,"['canadian hip hop', 'pop']"
821,Curtis Waters,2JbE7jUIGtpXSzytnyMg6U,76042,[]
823,G-Eazy,02kJSzxNuaWGqwubyUba0Z,5046442,"['hip hop', 'indie pop rap', 'oakland hip hop', 'pop', 'pop rap', 'rap']"
824,Kofs,5RaQ9nmVGoTye2SI76x3yw,300741,"['francoton', 'french hip hop', 'pop urbaine', 'rap francais', 'rap marseille']"
826,Bebe Rexha,64M6ah0SkkRsnPGtGiRAbb,7196853,"['dance pop', 'edm', 'electropop', 'pop', 'post-teen pop']"
827,ROSALÍA,7ltDVBr6mKbRvohxheJ9h1,5260431,['r&b en espanol']
831,Gunna,2hlmm7s2ICUX0LVIhVFlZQ,4178983,"['atl hip hop', 'melodic rap', 'rap', 'trap']"
833,Noah Cyrus,55fhWPvDiMpLnE4ZzNXZyW,967100,"['dance pop', 'pop', 'post-teen pop']"
836,BENEE,0Cp8WN4V8Tu4QJQwCN5Md4,694082,"['alt z', 'nz pop', 'pop']"
840,Niack,5uYe4bcAXlMP7d4mrOYkML,379516,['funk carioca']
841,Feid,2LRoIwlKmHjgvigdNGBHNo,1221199,"['colombian pop', 'latin', 'pop reggaeton', 'reggaeton', 'reggaeton colombiano', 'trap latino']"
846,Bryson Tiller,2EMAnMvWE2eb56ToJVfCWs,5595680,"['kentucky hip hop', 'pop', 'pop rap', 'r&b', 'rap']"
853,WhoHeem,5KYEMMz9O9iLIESifKAEOp,27656,['viral rap']
864,Bea Miller,1o2NpYGqHiCq7FoiYdyd1x,2649182,"['alt z', 'dance pop', 'electropop', 'modern rock', 'pop', 'post-teen pop', 'talent show']"
871,Harry Nach,0NnUMWDCDi1snuMja6IdxH,180519,"['trap chileno', 'trap latino']"
873,Kendrick Lamar,2YZyLoL8N0Wb9xBt1NhZWg,19745329,"['conscious hip hop', 'hip hop', 'rap', 'west coast rap']"
875,"Earth, Wind & Fire",4QQgXkCYTt3BlENzhyNETg,3397445,"['disco', 'funk', 'jazz funk', 'quiet storm', 'soul']"
878,Damso,2UwqpfQtNuhBwviIC0f2ie,3518686,"['belgian hip hop', 'french hip hop', 'pop urbaine', 'rap belge', 'rap conscient']"
885,6ix9ine,7gZfnEnfiaHzxARJ2LeXrf,6689892,"['emo rap', 'rap']"
893,Matuê,5nP8x4uEFjAAmDzwOEc9b8,4714163,"['r&b brasileiro', 'rap cearense', 'trap brasileiro']"
900,Headie One,6UCQYrcJ6wab6gnQ89OJFh,386155,['uk hip hop']
901,Nea,7nqlScm2smydSRl13eaP8E,41848,['scandipop']
910,ZAAC,76Xa625geVw0Q7BdyxNjA2,1602905,"['funk carioca', 'funk pop']"
911,Peach Tree Rascals,0imE3buPhAowREqCrr4CYe,195350,"['alternative r&b', 'chill r&b']"
914,KitschKrieg,5tHiL8SKSaZGMBUPIiSmX4,180276,"['german hip hop', 'hamburg hip hop']"
917,Conkarah,7vPGzgDg3qGUY5bWtrO3K4,69974,['jawaiian']
918,Cordae,0huGjMyP507tBCARyzSkrv,1744326,"['dmv rap', 'hip hop', 'rap', 'trap']"
919,JACKBOYS,7A8S43ryYdbWpJKeHRZRcq,481993,"['rap', 'trap']"
920,Jowell & Randy,4IMAo2UQchVFyPH24PAjUs,3391677,"['latin', 'latin hip hop', 'reggaeton', 'reggaeton flow', 'trap latino']"
923,Rod Wave,45TgXXqMDdF8BkjA83OM7z,3096100,['florida rap']
927,Capital Bra,4WZGDpNwrC0vNQyl9QzF7d,4250011,['german hip hop']
935,Mustard,0YinUQ50QDB7ZxSCLyQ40k,956959,"['cali rap', 'hip hop', 'pop rap', 'rap', 'southern hip hop', 'trap']"
937,Jason Mraz,4phGZZrJZRo4ElhRtViYdl,6614104,"['acoustic pop', 'neo mellow', 'pop', 'pop rock']"
938,5 Seconds of Summer,5Rl15oVamLq7FbSb0NNBNy,8435937,"['boy band', 'dance pop', 'pop', 'post-teen pop']"
944,S1mba,71jSVPQ6yskfyvWeiwvT5s,59529,"['afroswing', 'social media pop']"
950,twocolors,7ACEUD7UsmmXrnj4OLt8f9,45593,"['dance pop', 'edm', 'pop dance', 'pop edm', 'tropical house']"
953,Juanfran,7zY0DMisq1oYXvNNgGwHBY,122852,"['dominican pop', 'pop reggaeton', 'urbano espanol']"
954,NLE Choppa,0ErzCpIMyLcjPiwT4elrtZ,4468451,['memphis hip hop']
965,VIZE,09agIJMxCD2k87ys9Al0f0,165026,"['dance pop', 'edm', 'german dance', 'pop dance', 'slap house', 'tropical house']"
970,A$AP Ferg,5dHt1vcEm9qb8fCyLcB3HL,3299207,"['gangster rap', 'hip hop', 'pop rap', 'rap', 'southern hip hop', 'trap', 'underground hip hop']"
978,El Alfa,2oQX8QiMXOyuqbcZEFsZfm,2140734,"['dembow', 'latin', 'rap dominicano', 'reggaeton', 'trap latino']"
987,One Direction,4AK6F7OLvEQ5QYCBNiQWHq,25567314,"['boy band', 'pop', 'post-teen pop', 'talent show']"
988,Ufo361,5pVRwX5ZQR7hfJ18w8ZYkl,1800230,"['german cloud rap', 'german hip hop']"
992,DripReport,3O5HD95HTEPgoPFOjAb7yV,97166,['viral rap']
995,Logic,4xRYI6VqpkE3UwrDrAZL8L,5680034,"['conscious hip hop', 'dmv rap', 'hip hop', 'pop rap', 'rap']"
1002,Trevor Daniel,7uaIm6Pw7xplS8Dy06V6pT,691856,"['alternative r&b', 'melodic rap', 'pop', 'pop rap']"
1006,Luciano,3CJKkU0XuElRT1z8rEtIYg,1150361,"['german drill', 'german hip hop']"
1012,Dalex,0KPX4Ucy9dk82uj4GpKesn,4071043,"['latin', 'r&b en espanol', 'reggaeton', 'trap latino']"
1019,Arcangel,4SsVbpTthjScTS7U2hmr1X,7981563,"['latin', 'latin hip hop', 'reggaeton', 'trap latino']"
1023,Kontra K,4lDiJcOJ2GLCK6p9q5BgfK,1930610,"['christlicher rap', 'german hip hop']"
1024,Kanye West,5K4W6rqBFWDnAN6FQUkS6x,16981644,"['chicago rap', 'rap']"
1026,Red Velvet - IRENE & SEULGI,6bwp9ObI8FWvMPCIWVBmhl,603150,['k-pop']
1031,Y2K,6USMTwO0MNDnKte5a5h0xx,279861,['pop rap']
1042,Tyla Yaweh,1MXZ0hsGic96dWRDKwAwdr,431512,"['cali rap', 'melodic rap', 'pop rap', 'rap', 'trap']"
1045,iann dior,6ASri4ePR7RlsvIQgWPJpS,1550863,"['melodic rap', 'pop rap']"
1051,Journey,0rvjqX7ttXeg3mTy8Xscbt,4222352,"['album rock', 'classic rock', 'hard rock', 'mellow gold', 'rock', 'soft rock']"
1052,Beyoncé,6vWDO969PvNqNYHIOW5v0m,30940810,"['dance pop', 'pop', 'r&b']"
1053,Miksu / Macloud,76dRoxKtDwYkgCQePok9cU,48356,['german hip hop']
1057,Lil Uzi Vert,4O15NlyKLIASxsJ0PrXPfz,13159815,"['melodic rap', 'philly rap', 'rap', 'trap']"
1063,Panic! At The Disco,20JZFwl6HVl6yg8a4H3ZqK,11278706,"['modern rock', 'rock']"
1066,Boomdabash,4mAsWDGLUIEdo6imU77WG6,602182,"['italian adult pop', 'italian pop', 'italian reggae']"
1075,Tyga,5LHRHt1k9lMyONurDHEdrp,6541295,"['dance pop', 'hip hop', 'pop', 'pop rap', 'rap', 'southern hip hop', 'trap']"
1079,A Boogie Wit da Hoodie,31W5EY0aAly4Qieq6OFu6I,6420228,"['melodic rap', 'rap', 'trap']"
1081,Bosh,6Mm2g25BTeJ6BICPFWGkPg,329015,"['francoton', 'french hip hop', 'pop urbaine', 'rap francais']"
1085,Alexander 23,6sFHvCyqklnJpXC9Nh1aag,279710,"['alt z', 'pop']"
1089,PUBLIC,4vxaQs6vK54nK89J1VtLex,182636,['indie rockism']
1092,Shablo,6hkKbkZGvAXuvle2FhCnxy,43279,['italian hip hop']
1096,Natalie Taylor,2WxjxdeF7GGdcCK276qViY,134186,[]
1097,NAV,7rkW85dBwwrJtlHRDkJDAC,2926629,"['canadian hip hop', 'canadian trap', 'hip hop', 'melodic rap', 'rap', 'toronto rap', 'trap', 'vapor trap']"
1102,Alec Benjamin,5IH6FPUwQTxPSXurCrcIov,3417973,"['alt z', 'dream smp', 'electropop', 'pop']"
1103,PARTYNEXTDOOR,2HPaUgqeutzr3jx5a9WyDV,3741568,"['pop', 'pop rap', 'r&b', 'rap', 'toronto rap', 'trap', 'urban contemporary']"
1106,KC Rebell,5p7mWeX4RlvqBCxylfiXdE,1141413,"['deep german hip hop', 'german drill', 'german hip hop']"
1108,Childish Gambino,73sIBHcqh3Z3NyqHKZ7FOL,9126341,"['atl hip hop', 'hip hop', 'rap']"
1117,YNW Melly,1cNDP5yjU5vjeR8qMf4grg,7434451,"['melodic rap', 'trap']"
1132,KALIM,2NJWI8byqTSqDaJRnqJY2z,258891,"['german hip hop', 'hamburg hip hop']"
1133,Lil Yachty,6icQOAFXDZKsumw3YXyusw,7983172,"['atl hip hop', 'hip hop', 'melodic rap', 'rap', 'trap']"
1138,Agust D,5RmQ8k4l3HZ8JoPb4mNsML,8148144,['k-rap']
1145,Yandel,0eHQ9o50hj6ZDNBt6Ys1sD,5790991,"['latin', 'latin hip hop', 'reggaeton', 'reggaeton flow', 'trap latino']"
1149,IU,3HqSLMAZ3g3d5poNaI7GOU,6818482,['k-pop']
1152,Vicetone,0daugAjUgbJSqdlyYNwIbT,399495,"['edm', 'electro house', 'pop dance', 'pop edm', 'progressive electro house', 'tropical house']"
1157,jxdn,6Y64EaNqpqcZYTgs4c76gF,960656,"['pop rap', 'social media pop']"
1168,G Herbo,5QdEbQJ3ylBnc3gsIASAT5,1490086,"['chicago drill', 'chicago rap', 'drill', 'rap', 'southern hip hop', 'trap']"
1175,Banda MS de Sergio Lizárraga,2C6i0I5RiGzDKN9IAF8reh,14572957,"['banda', 'musica mexicana', 'norteno']"
1179,Ashe,6P5NO5hzJbuOqSdyPB7SJM,1017473,"['alt z', 'electropop', 'pop']"
1180,Kehlani,0cGUm45nv7Z6M6qdXYQGTX,5712993,"['dance pop', 'pop', 'pop rap', 'r&b']"
1205,Tory Lanez,2jku7tDXc6XoB6MO2hFuqg,4344221,"['canadian hip hop', 'canadian trap', 'melodic rap', 'pop rap', 'r&b', 'rap', 'toronto rap', 'trap']"
1207,BROCKHAMPTON,1Bl6wpkWCQ4KVgnASpvzzA,1964038,"['boy band', 'hip hop', 'rap']"
1212,Shakira,0EmeFodog0BfCgMzAIvKQp,23438637,"['colombian pop', 'dance pop', 'latin', 'latin pop', 'pop']"
1213,The 1975,3mIj9lX2MWuHmhNCA7LSCW,5501107,"['modern alternative rock', 'modern rock', 'pop', 'rock']"
1214,Alan Walker,7vk5e3vY1uw9plTHJAMwjN,33472327,['electro house']
1216,Ellie Goulding,0X2BH1fck6amBIoJhDVmmJ,10693963,"['dance pop', 'edm', 'electropop', 'indietronica', 'metropopolis', 'pop', 'uk pop']"
1223,Rvssian,1fctva4kpRbg2k3v7kwRuS,1763884,"['latin', 'latin hip hop', 'reggaeton', 'reggaeton flow', 'trap latino']"
1228,Dominic Fike,6USv9qhCn6zfxlBQIYJ9qs,896616,"['alternative pop rock', 'pop']"
1232,Samra,6h1s4i4XKIYv4ErDelLDN0,1140904,['german hip hop']
1237,Lunay,47MpMsUfWtgyIIBEFOr4FE,6446964,"['latin', 'latin hip hop', 'latin pop', 'reggaeton', 'reggaeton flow', 'trap latino']"
1239,Sub Urban,7gXb99Sf9nNmpNYeAgIQFG,1223742,"['modern indie pop', 'modern rock']"
1240,Lizzo,56oDRnqbIiwx4mymNEv7dS,4460632,"['dance pop', 'escape room', 'minnesota hip hop', 'pop', 'trap queen']"
1249,Bazzi,4GvEc3ANtPPjt1ZJllr5Zl,4944101,"['dance pop', 'electropop', 'pop']"
1256,Shiva,2K5nCggbhSZ00YCYP5qkZS,644018,"['italian hip hop', 'trap italiana']"
1257,Zuna,2otUckChxWf2cp6UP2cD6e,947305,"['albanian hip hop', 'german hip hop']"
1276,Niall Horan,1Hsdzj7Dlq2I7tHP7501T4,8395259,"['dance pop', 'pop', 'post-teen pop']"
1281,Dardan,3pjq2pDV9RR6VY55wBjVnp,917444,"['albanian hip hop', 'german hip hop']"
1284,Jhené Aiko,5ZS223C6JyBfXasXxrRqOk,5401633,"['alternative r&b', 'dance pop', 'pop', 'r&b', 'urban contemporary']"
1293,Ninho,6Te49r3A6f5BiIgBRxH7FH,5924711,"['french hip hop', 'pop urbaine']"
1314,Tainy,0GM7qgcRCORpGnfcN2tCiB,849105,"['latin', 'latin hip hop', 'latin pop', 'pop reggaeton', 'reggaeton', 'trap latino']"
1317,Henrique & Juliano,3p7PcrEHaaKLJnPUGOtRlT,14975155,"['arrocha', 'sertanejo universitario']"
1325,Residente,5GcWBUX00IPuWVGMIRK1sS,1077581,['venezuelan hip hop']
1356,TOKYO’S REVENGE,5TbLOwv8BNnik3f03NZJlt,381511,"['meme rap', 'vapor trap', 'viral rap']"
1357,Stormzy,2SrSdSvpminqmStGELCSNd,2468134,"['grime', 'uk hip hop']"
1365,Rich Music LTD,2kqUKsTuEj1lPbm6BSn1AU,223182,"['latin', 'reggaeton', 'trap latino']"
1367,SHAED,3KwmxIhSe9UTSEF37kwngR,150596,"['electropop', 'pop']"
1380,Thiaguinho MT,0yApzRdrUqTGqX9MULdnmV,29565,"['brega funk', 'funk carioca']"
1384,PEDRO SAMPAIO,5wbf52LA6kcaboHSN6NEF1,1448043,['funk carioca']
1385,K CAMP,5bgfj5zUoWpyeVatGDjn6H,1442873,"['atl hip hop', 'hip hop', 'melodic rap', 'pop r&b', 'pop rap', 'r&b', 'rap', 'southern hip hop', 'trap']"
1387,Major Lazer,738wLrAtLtCtFOLvQBXOXp,6276342,"['dance pop', 'edm', 'electro house', 'moombahton', 'pop', 'pop dance', 'pop rap', 'tropical house']"
1389,Reik,0vR2qb8m9WHeZ5ByCbimq2,7077565,"['latin', 'latin arena pop', 'latin pop', 'mexican pop']"
1411,Joker Bra,325L7kby6bkG5qSXXAFEWM,190007,['german hip hop']
1413,Mac Miller,4LLpKhyESsyAXpc4laK94U,7350087,"['hip hop', 'pittsburgh rap', 'rap']"
1422,Ant Saunders,4jpsw9CQS439N0B7SecMgf,84654,"['chill r&b', 'pop']"
1426,Lil Wayne,55Aa2cqylxrFIXC767Z865,11899784,"['hip hop', 'new orleans rap', 'pop rap', 'rap', 'trap']"
1431,Piso 21,4bw2Am3p9ji3mYsXNXtQcd,8001169,"['colombian pop', 'latin', 'latin pop', 'reggaeton', 'reggaeton colombiano', 'trap latino']"
1433,Red Velvet,1z4g3DjTBBZKhvAroFlhOM,6796982,"['k-pop', 'k-pop girl group']"
1439,Young Thug,50co4Is1HCEo8bhOyUWKpn,7126697,"['atl hip hop', 'atl trap', 'gangster rap', 'hip hop', 'melodic rap', 'rap', 'trap']"
1448,Matthew Wilder,3bmFPbLMiLxtR9tFrTcKcP,33656,['new wave pop']
1449,Juju,4sg4no0TXdsrM1s4SVUwNF,501052,"['frauenrap', 'german hip hop', 'german pop']"
1455,Meek Mill,20sxb77xiYeusSH8cVdatc,6052044,"['hip hop', 'philly rap', 'pop rap', 'rap', 'southern hip hop', 'trap']"
1466,Gzuz,5eioJDe26lOqkAMbuhzZYs,1226886,"['deep german hip hop', 'german hip hop', 'hamburg hip hop']"
1471,Murda,2y1VzMKAa5nmfXKtJL9jnj,973714,"['basshall', 'turkish trap', 'turkish trap pop']"
1474,Sam Feldt,20gsENnposVs2I4rQ5kvrf,684639,"['dance pop', 'edm', 'electro house', 'pop', 'pop dance', 'pop edm', 'tropical house']"
1498,Gambi,1lB3I3SI30v2ZOpR4XQqzJ,983017,"['francoton', 'french hip hop', 'pop urbaine', 'rap francais']"
1499,Maes,6L34dW6SKMSDaGIfYDU19j,1930504,"['french hip hop', 'pop urbaine', 'rap francais']"
1515,Mabel,1MIVXf74SZHmTIp4V4paH4,1572521,"['dance pop', 'edm', 'pop', 'pop dance', 'post-teen pop', 'tropical house', 'uk pop']"
1517,Pedro Capó,4QVBYiagIaa6ZGSPMbybpy,1469722,"['latin', 'latin pop', 'puerto rican pop']"
1526,French Montana,6vXTefBL93Dj5IqAWq6OTv,4430281,"['gangster rap', 'hip hop', 'pop rap', 'rap', 'southern hip hop', 'trap']"
1539,Gradur,2tcoLkA9Hexz70Kuc1NTUl,1537537,"['francoton', 'french hip hop', 'pop urbaine', 'rap francais']"
1543,Dadá Boladão,36SRwzRkX5zW3ABjJrevqX,221232,"['brega funk', 'funk carioca']"
